"id","url","comment"
85010,"https://sydankylat.fi/palvelut/tiistenjoen-kirjasto","Tiistenjoen sivukirjasto"
85014,"https://www.bibliotek.ax/-/lemlands-kommunbibliotek#/","Lemland"
85021,"https://larsmo.fi/fi/kulttuuri-ja-vapaa-aika/kirjasto/bosundin-kirjasto/","Bosundin kirjasto"
85023,"https://www.bibliotek.ax/-/eckero-kommunbibliotek#/","Eckerön kirjasto"
85032,"https://satakirjastot.finna.fi/OrganisationInfo#85032","Reposaaren kirjasto"
85054,"https://vaasankirjasto.finna.fi/OrganisationInfo/Home#85054","Suvilahden kirjasto"
85094,"https://blanka.finna.fi/OrganisationInfo/Home#85094","Korppoon kirjasto"
85103,"https://satakirjastot.finna.fi/OrganisationInfo#85103","Ahlaisten kirjasto"
85106,"https://kaskinen.fi/fi/vapaa-aika-ja-kulttuuri/kulttuuri/kirjasto","Kaskisten kirjasto"
85133,"https://hakemisto.kirjastot.fi/palkane/laitikkala","Laitikkalan lainausasema"
85188,"https://www.kirkkonummi.verkkokirjasto.fi/-/kirkkonummen-kirjastotalo-fyyri","Pääkirjasto Kirjastotalo Fyyri"
85215,"https://www.merijarvi.fi/sivistyspalvelut/kirjasto","Merijärven kirjasto"
85218,"https://www.bibliotek.ax/-/vardo-kommunbibliotek","Vårdö"
85236,"https://vaasankirjasto.finna.fi/OrganisationInfo/Home#85236","Tammikaivon kirjasto"
85243,"https://satakirjastot.finna.fi/OrganisationInfo#85243","Pohjoisväylän kirjasto"
85253,"https://hakemisto.kirjastot.fi/kurikka/jurvan-kirjasto","Jurvan kirjasto"
85294,"https://fredrika.finna.fi/OrganisationInfo/Home#85294","Pirttikylän kirjasto"
85299,"https://fredrika.finna.fi/OrganisationInfo/Home#85299","Ala-Ähtävän kirjasto"
85306,"https://www.jyvaskyla.fi/?vesangan-lahikirjasto","Vesangan lähikirjasto"
85308,"https://vaasankirjasto.finna.fi/OrganisationInfo/Home#85308","Vaasan pääkirjasto"
85309,"https://vaasankirjasto.finna.fi/OrganisationInfo/Home#85309","Palosaaren kirjasto"
85317,"https://sonkajarvi.fi/fi/vapaa-aika/kirjasto","Sonkajärven pääkirjasto"
85319,"https://loisto.verkkokirjasto.fi/-/ylaneen-kirjasto#/","Yläneen kirjasto"
85331,"https://www.utsjoki.fi/vapaa-aika-ja-hyvinvointi/kirjasto/","Pedar Jalvi kirjasto / Utsjoen kunnankirjasto"
85340,"https://vanamo.finna.fi/OrganisationInfo/#85340","Kalvolan kirjasto"
85342,"https://vanamo.finna.fi/OrganisationInfo/#85342","Nummen kirjasto"
85358,"https://hakemisto.kirjastot.fi/palkane/aitoo","Aitoon lainausasema"
85376,"https://rutakko.verkkokirjasto.fi/-/iisalmen-kaupunginkirjasto","Iisalmen kaupunginkirjasto"
85425,"https://www.hausjarvi.fi/vapaa-aika-ja-matkailu/kirjasto/","Hausjärven kirjasto"
85429,"https://laihia.fi/hyvinvointi-ja-vapaa-aika/kirjasto/","Laihian kunnankirjasto"
85507,"https://fredrika.finna.fi/OrganisationInfo/Home#85507","Ylimarkun kirjasto"
85519,"https://vaasankirjasto.finna.fi/OrganisationInfo/Home#85519","Variskan kirjasto"
85530,"https://satakirjastot.finna.fi/OrganisationInfo#85530","Pihlavan kirjasto"
85531,"https://satakirjastot.finna.fi/OrganisationInfo#85531","Vähärauman kirjasto"
85532,"https://www.aanekoski.fi/kulttuuri-ja-liikunta/kirjastot/suolahden-kirjasto","Suolahden kirjasto"
85551,"https://vanamo.finna.fi/OrganisationInfo/#85551","Hämeenlinnan pääkirjasto"
85557,"https://vanamo.finna.fi/OrganisationInfo/#85557","Tuuloksen kirjasto"
85558,"https://vanamo.finna.fi/OrganisationInfo/#85558","Lammin kirjasto"
85569,"https://hakemisto.kirjastot.fi/palkane/sappee","Sappeen lainausasema"
85624,"https://loisto.verkkokirjasto.fi/-/marttilan-kirjasto","Marttilan kirjasto"
85643,"https://larsmo.fi/fi/kulttuuri-ja-vapaa-aika/kirjasto/holmin-paakirjasto/","Luodon pääkirjasto"
85706,"https://fredrika.finna.fi/OrganisationInfo/Home#85706","Närpiön pääkirjasto"
85724,"https://www.aanekoski.fi/kulttuuri-ja-liikunta/kirjastot/sumiaisten-kirjasto","Sumiaisten kirjasto"
85754,"https://www.jyvaskyla.fi/?keltinmaen-lahikirjasto","Keltinmäen lähikirjasto"
85774,"https://keski.finna.fi/Content/kirjastot?leivonmaen-lahikirjasto","Leivonmäen lähikirjasto"
85789,"https://outi.finna.fi/OrganisationInfo/Home#85789","Revonlahden lähikirjasto"
85793,"https://www.bibliotek.ax/-/kokars-kommunbibliotek#/","Kökar"
85851,"https://vanamo.finna.fi/OrganisationInfo/#85851","Hattulan kirjasto"
85875,"https://vaasankirjasto.finna.fi/OrganisationInfo/Home#85875","Sundomin omatoimikirjasto"
85896,"https://lestijarvi.fi/vapaa-aika-ja-liikunta/kirjasto/","Lestijärven kunnankirjasto"
85920,"https://satakirjastot.finna.fi/OrganisationInfo#85920","Noormarkun kirjasto"
85940,"https://vanamo.finna.fi/OrganisationInfo/#85940","Rengon kirjasto"
85959,"https://satakirjastot.finna.fi/OrganisationInfo/Home#85959","Kullaan kirjasto"
86020,"https://vaasankirjasto.finna.fi/OrganisationInfo/Home#86020","Vähänkyrön omatoimikirjasto"
86071,"https://loisto.verkkokirjasto.fi/-/oripaan-kirjasto#/","Oripään kirjasto"
86098,"https://www.jarvenpaa.fi/vapaa-aika-ja-harrastaminen/kirjasto","Järvenpään kaupunginkirjasto"
86326,"https://satakirjastot.finna.fi/OrganisationInfo#86326","Lavian kirjasto"
86436,"https://www.bibliotek.ax/-/foglo-kommunbibliotek#/","Föglö"
86520,"https://satakirjastot.finna.fi/OrganisationInfo/Home#86520","Nakkilan kirjasto"
86522,"https://hakemisto.kirjastot.fi/karijoki/myrkyn-kirjasto","Myrkyn kirjasto"
86546,"https://blanka.finna.fi/OrganisationInfo/Home#86546","Utön kirjasto"
86555,"https://vaasankirjasto.finna.fi/OrganisationInfo/Home#86555","Kohtaamispaikka Huudi"
86634,"https://helle.finna.fi/OrganisationInfo/Home#86634","Porlammin kirjasto (Lapinjärvi)"
86649,"https://satakirjastot.finna.fi/OrganisationInfo#86649","Itätuulen kirjasto"
86725,"https://www.kuhmoinen.fi/vapaa-aika%20ja%20liikunta/kirjasto%20ja%20kulttuuri/kirjasto/","Kuhmoisten kirjasto"
86730,"https://outi.finna.fi/OrganisationInfo/Home#86730","Oulun pääkirjasto"
86768,"https://pyhajarvi.fi/fi/kirjasto","Pyhäjärven kirjasto"
86775,"https://eepos.finna.fi/OrganisationInfo/Home#86775","Seinäjoen pääkirjasto, Aallon kirjasto"
86784,"https://kirjasto.mikkeli.fi/","Mikkelin pääkirjasto"
86787,"https://lumme.finna.fi/OrganisationInfo/Home#86787","Pertunmaan lähikirjasto"
86788,"https://www.pyharanta.fi/vapaa-aika-ja-hyvinvointi/kirjasto/","Pyhärannan kirjasto"
84749,"https://helmet.finna.fi/OrganisationInfo?_=1771170939393#84749","Auroran sairaalan potilaskirjasto"
84750,"https://hakemisto.kirjastot.fi/helsinki/kontulan-palvelukeskuskirjasto/","Kontulan palvelukeskuskirjasto"
84751,"https://hakemisto.kirjastot.fi/helsinki/kustaankartanon-palvelukeskuskirjasto/","Kustaankartanon palvelukeskuskirjasto"
84762,"https://hakemisto.kirjastot.fi/helsinki/helsinki-psykiatriakeskuksen-kirjasto/","Psykiatriakeskuksen potilaskirjasto"
84763,"https://hakemisto.kirjastot.fi/helsinki/riistavuoren-palvelukeskuskirjasto","Riistavuoren palvelukeskuskirjasto"
85009,"https://ypaja.fi/kirjasto-ja-omatoimikirjasto/","Ypäjän kunnankirjasto"
85088,"https://lapinlahti.fi/fi/kulttuuri-ja-vapaa-aika/kirjasto/varpaisjarven-lahikirjasto-0/","Varpaisjärven lähikirjasto"
85099,"https://loisto.verkkokirjasto.fi/-/riihikosken-kirjasto/","Riihikosken kirjasto"
85100,"https://loisto.verkkokirjasto.fi/-/kyron-kirjasto/","Kyrön kirjasto"
85127,"https://www.pirkkala.fi/toimipisteet/nuolialan-kirjasto/","Nuolialan kirjasto"
85128,"https://www.pirkkala.fi/toimipisteet/toivion-kirjasto/","Toivion kirjasto"
85169,"https://www.virrat.fi/vapaa-ajan-palvelut/kirjasto/","Virtain kaupunginkirjasto"
85179,"https://www.turku.fi/toimipaikat/aunelan-kirjasto/","Aunelan kirjasto"
85190,"https://eepos.finna.fi/OrganisationInfo#85190","Soinin kirjasto"
85275,"https://www.vehmaa.fi/hyvinvointi-ja-vapaa-aika/kirjasto/","Vehmaan kunnankirjasto"
85314,"https://www.padasjoki.fi/hyvinvointi-ja-kulttuuri/kirjasto/","Padasjoen kunnankirjasto"
85356,"https://www.kolari.fi/fi/kirjasto-ja-kulttuuri/kirjasto/","Kolarin kunnankirjasto"
85462,"https://enontekio.fi/fi/vapaa-aika/kulttuuripalvelut/kirjasto/","Enontekiön kirjasto"
85509,"https://www.pukkila.fi/hyvinvointi-ja-kulttuuri/kirjastopalvelut/","Pukkilan kirjasto"
85524,"https://pyhtaa.fi/fi/vapaa-aika-kulttuuri/kirjasto/","Pyhtään kunnankirjasto"
85662,"https://satakirjastot.finna.fi/OrganisationInfo/Home#85662","Eurajoen pääkirjasto"
85684,"https://vierema.fi/vapaa-aika-ja-hyvinvointi/kirjasto/","Vieremän kunnankirjasto"
85694,"https://kauhava.fi/vapaa_aika/kirjasto/kirjaston-palvelut/kortesjarven-kirjasto/","Kortesjärven kirjasto"
85750,"https://satakirjastot.finna.fi/OrganisationInfo/Home#85750","Vampulan kirjasto"
85830,"https://keski.finna.fi/OrganisationInfo?_=1771170939393#85830","Pihlajakosken kirjastotila"
85967,"https://hakemisto.kirjastot.fi/masku/paakirjasto-masku/","Maskun pääkirjasto"
85968,"https://hakemisto.kirjastot.fi/masku/askainen/","Askaisten kirjasto"
85970,"https://hakemisto.kirjastot.fi/masku/lemu/","Lemun kirjasto"
86006,"https://mikkeli.fi/ota-yhteytta/kirjastot/suomenniemen-kirjasto/","Suomenniemen kirjasto"
86011,"https://www.ouka.fi/kirjastot-ja-kirjastoautot/martinniemen-kirjasto/","Martinniemen kirjasto"
86074,"https://loisto.verkkokirjasto.fi/-/auran-kirjas-1#/","Auran kirjasto"
86087,"https://kannus.fi/kirjasto/tilat-ja-palvelut/korpelan-lainausasema/","Korpelan lainausasema"
86433,"https://keski.finna.fi/OrganisationInfo#86433","Päijälän kirjastotila"
86521,"https://satakirjastot.finna.fi/OrganisationInfo/Home#86521","Eurajoen lähikirjasto, Luvian kirjasto"
86542,"https://lapinlahti.fi/fi/kulttuuri-ja-vapaa-aika/kirjasto/lapinlahden-paakirjasto-0/","Lapinlahden pääkirjasto"
86657,"https://www.urjala.fi/ela-ja-voi-hyvin/kirjasto/","Urjalan kunnankirjasto"
86785,"https://www.heinola.fi/hyvinvointi-ja-vapaa-aika/kirjasto/lehtisali-ja-omatoimikirjasto/","Heinolan lehtisali ja omatoimikirjasto"
